,Text,Predicted Entities,Annotated Entities,Accuracy,Recall,F1-Score
0,"A Faridabad resident was killed and a youngster was injured after a truck, allegedly being driven rashly despite dense fog, rammed their car on the Gurugram-Faridabad road in the early hours of Monday","[('truck', 'VEHICLE TYPE'), ('fog', 'REASON'), ('car', 'VEHICLE TYPE')]","[('truck', 'VEHICLE TYPE'), ('driven rashly', 'REASON'), ('fog', 'REASON'), ('car', 'VEHICLE TYPE'), ('early', 'TIME')]",0.6,0.6,0.7499999999999999
1,"A south Mumbai based businessman who was returning from a friend's house in Navi Mumbai after an Eid celebration died, while his relative was seriously injured","[('businessman', 'GENDER')]","[('businessman', 'GENDER')]",1.0,1.0,1.0
2,"A 40-year-old man was killed and his wife seriously injured when their car dashed against a tree in this district, police said on Thursday","[('40-year-old', 'AGE'), ('man', 'GENDER'), ('wife', 'GENDER'), ('car', 'VEHICLE TYPE'), ('tree', 'REASON')]","[('40-year-old', 'AGE'), ('man', 'GENDER'), ('wife', 'GENDER'), ('car', 'VEHICLE TYPE'), ('tree', 'REASON')]",1.0,1.0,1.0
3,Five friends celebrating the granting of a visa to study abroad to one of them were injured after their car hit a tree and overturned in Sector 50 in the early hours of Thursday,"[('Five', 'INJURED'), ('car', 'VEHICLE TYPE'), ('tree', 'REASON'), ('early', 'TIME')]","[('Five', 'INJURED'), ('car', 'VEHICLE TYPE'), ('tree', 'REASON'), ('early', 'TIME')]",1.0,1.0,1.0
4,"In a hit-and-run case, a couple and their two minor daughters were among five persons who died after being run over by an SUV in Gwalior district of Madhya Pradesh on Thursday afternoon, police said","[('hit-and-run', 'REASON'), ('daughters', 'GENDER'), ('five', 'FATALITIES'), ('SUV', 'VEHICLE TYPE'), ('afternoon', 'TIME')]","[('hit-and-run', 'REASON'), ('five', 'FATALITIES'), ('SUV', 'VEHICLE TYPE'), ('afternoon', 'TIME')]",0.8,1.0,0.888888888888889
5,"Trichy central region police have begun inquiry into the death of two people in separate accidents, including a hit-and-run case, in Pudukottai and Trichy on Monday","[('two', 'FATALITIES'), ('hit-and-run', 'REASON')]","[('two', 'FATALITIES')]",0.5,1.0,0.6666666666666666
6,"Three persons sustained serious injuries , while 10 others escaped with minor injuries after the vehicle in which they were travelling rammed the car and toppled near Ladlapur village in Chittapur taluk, Kalaburagi district on Sunday night","[('Three', 'INJURED'), ('10', 'INJURED'), ('car', 'VEHICLE TYPE'), ('night', 'TIME')]","[('Three', 'INJURED'), ('10', 'INJURED'), ('car', 'VEHICLE TYPE'), ('night', 'TIME')]",1.0,1.0,1.0
7,"The 8km stretch between the new Katraj tunnel and Navale bridge is turning deadlier by the day, with a 23-year-old motorcyclist losing his life in a hit-and-run case near the new Katraj tunnel around 8am on Wednesday","[('23-year-old', 'AGE'), ('hit-and-run', 'REASON'), ('8am', 'TIME')]","[('23-year-old', 'AGE'), ('motorcyclist', 'VEHICLE TYPE'), ('hit-and-run', 'REASON'), ('8am', 'TIME')]",0.75,0.75,0.8571428571428571
8,"Three youngsters, including a 10-year-old boy, were killed in separate accidents on Friday, said the police","[('Three', 'FATALITIES'), ('10-year-old', 'AGE'), ('boy', 'GENDER')]","[('Three', 'FATALITIES'), ('10-year-old', 'AGE'), ('boy', 'GENDER')]",1.0,1.0,1.0
9,"Five persons were killed and 19 others injured in two separate accidents in Dausa, Bharatpur and Bikaner districts on Friday","[('Five', 'FATALITIES'), ('19', 'INJURED')]","[('Five', 'FATALITIES'), ('19', 'INJURED')]",1.0,1.0,1.0
10,Three people died early Sunday morning after a speeding car rammed a parked autorickshaw outside gate number 2 at AIIMS,"[('Three', 'FATALITIES'), ('morning', 'TIME'), ('speeding', 'REASON'), ('car', 'VEHICLE TYPE'), ('autorickshaw', 'VEHICLE TYPE')]","[('Three', 'FATALITIES'), ('morning', 'TIME'), ('speeding', 'REASON'), ('car', 'VEHICLE TYPE'), ('autorickshaw', 'VEHICLE TYPE')]",1.0,1.0,1.0
11,Three members of a family were among four people killed on Monday after the car in which they were travelling went out of control and hit a container truck near Thirumangalam in Madurai district ,"[('Three', 'FATALITIES'), ('four', 'FATALITIES'), ('car', 'VEHICLE TYPE'), ('container truck', 'VEHICLE TYPE')]","[('Three', 'FATALITIES'), ('car', 'VEHICLE TYPE'), ('out of control', 'REASON'), ('truck', 'VEHICLE TYPE')]",0.3333333333333333,0.5,0.5
12,"Even as the public anger against speed demons snuffing out innocent lives on roads continues to rage, a man who was allegedly drunk left five people severely injured by crashing his car into three two-wheelers in the BRTS track on a busy road in the Kapodra area on Sunday night","[('speed', 'REASON'), ('man', 'GENDER'), ('drunk', 'REASON'), ('five', 'INJURED'), ('car', 'VEHICLE TYPE'), ('two-wheelers', 'VEHICLE TYPE'), ('night', 'TIME')]","[('drunk', 'REASON'), ('five', 'INJURED'), ('car', 'VEHICLE TYPE'), ('two-wheelers', 'VEHICLE TYPE'), ('night', 'TIME')]",0.7142857142857143,1.0,0.8333333333333333
13,"Four people of a family were on Sunday killed when their car crashed into a stationary pickup vehicle on Pilibhit-Sitapur highway in Uttar Pradesh , police said","[('Four', 'FATALITIES'), ('car', 'VEHICLE TYPE'), ('pickup vehicle', 'VEHICLE TYPE')]","[('Four', 'FATALITIES'), ('pickup', 'VEHICLE TYPE')]",0.25,0.5,0.4
14,"A 28-year-old woman was killed and five of her relatives, including two kids, sustained injuries after their car hit a median following a tyre burst on Saturday on Mysuru Road near Ramanagara","[('28-year-old', 'AGE'), ('five', 'INJURED'), ('car', 'VEHICLE TYPE'), ('tyre burst', 'REASON')]","[('28-year-old', 'AGE'), ('woman', 'GENDER'), ('five', 'INJURED'), ('car', 'VEHICLE TYPE'), ('tyre burst', 'REASON')]",0.8,0.8,0.888888888888889
15,Two persons have lost their lives in separate road accidents in the city in the last two days,"[('Two', 'FATALITIES')]","[('Two', 'FATALITIES')]",1.0,1.0,1.0
16,"A 14-year-old boy from Kalyan died after the car in which he was travelling with his family fell off a bridge near Malshej ghat, near Kalyan, in Thane district, on Sunday","[('14-year-old', 'AGE'), ('boy', 'GENDER'), ('car', 'VEHICLE TYPE')]","[('14-year-old', 'AGE'), ('car', 'VEHICLE TYPE')]",0.6666666666666666,1.0,0.8
17,Two persons were killed and one injured after the utility vehicle they were travelling in fell into a deep gorge near Chharba village in Vikasnagar block of Dehradun district on Monday morning,"[('Two', 'FATALITIES'), ('one', 'INJURED'), ('utility vehicle', 'VEHICLE TYPE'), ('morning', 'TIME')]","[('Two', 'FATALITIES'), ('one', 'INJURED'), ('utility', 'VEHICLE TYPE'), ('morning', 'TIME')]",0.6,0.75,0.75
18,A case has been registered against the assistant sub-inspector (ASI) of Delhi police after a car he was travelling rammed into six vehicles in Delhi's Dwarka Mor area on last Tuesday night,"[('car', 'VEHICLE TYPE'), ('he', 'GENDER'), ('night', 'TIME')]","[('car', 'VEHICLE TYPE'), ('night', 'TIME')]",0.6666666666666666,1.0,0.8
19,"Seven kanwariyas, three from Haryana's Mahendergarh district, two from Kaithal district, and one from Jind district and one from Punjab's Ludhiana district, were killed in three accidents on Friday","[('Seven', 'FATALITIES'), ('three', 'FATALITIES'), ('two', 'FATALITIES'), ('one', 'INJURED')]","[('Seven', 'FATALITIES')]",0.25,1.0,0.4
20,"Four people, including a six-year-old girl, were killed in a road accident in the Palia area of Lakhimpur Kheri district on Thursday afternoon, police said","[('Four', 'FATALITIES'), ('six-year-old', 'AGE'), ('girl', 'GENDER'), ('afternoon', 'TIME')]","[('Four', 'FATALITIES'), ('a six-year-old', 'AGE'), ('girl', 'GENDER'), ('afternoon', 'TIME')]",0.6,0.75,0.75
21,"Two men, including a businessman, died and three people were injured after their car rammed into a stationary truck in Swaroop Nagar in Outer-North district on Sunday morning","[('Two', 'FATALITIES'), ('men', 'GENDER'), ('businessman', 'GENDER'), ('three', 'INJURED'), ('car', 'VEHICLE TYPE'), ('truck', 'VEHICLE TYPE'), ('morning', 'TIME')]","[('Two', 'FATALITIES'), ('three', 'INJURED'), ('car', 'VEHICLE TYPE'), ('truck', 'VEHICLE TYPE'), ('morning', 'TIME')]",0.7142857142857143,1.0,0.8333333333333333
22,A 50-year-old assistant review officer died in a road accident which took place in Lucknows Hussainganj police station area on Tuesday afternoon,"[('50-year-old', 'AGE'), ('afternoon', 'TIME')]","[('50-year-old', 'AGE'), ('afternoon', 'TIME')]",1.0,1.0,1.0
23,"A 30-year-old Delhi resident was killed and her husband was injured after a truck allegedly rammed into their car near Farrukhnagar toll plaza, police said on Friday","[('30-year-old', 'AGE'), ('husband', 'GENDER'), ('truck', 'VEHICLE TYPE'), ('car', 'VEHICLE TYPE')]","[('30-year-old', 'AGE'), ('truck', 'VEHICLE TYPE'), ('car', 'VEHICLE TYPE')]",0.75,1.0,0.8571428571428571
24,A 49-year-old man was killed in an accident after his bike collided with a mini-truck near Kakkanad on Tuesday,"[('49-year-old', 'AGE'), ('man', 'GENDER'), ('bike', 'VEHICLE TYPE'), ('mini-truck', 'VEHICLE TYPE')]","[('49-year-old', 'AGE'), ('bike', 'VEHICLE TYPE'), ('mini-truck', 'VEHICLE TYPE')]",0.75,1.0,0.8571428571428571
25,A 40-year-old man who had stepped out of his car to check if he and his friends were moving in the right direction was mowed down by an SUV on the Delhi-Mumbai expressway early on Sunday,"[('40-year-old', 'AGE'), ('man', 'GENDER'), ('SUV', 'VEHICLE TYPE')]","[('40-year-old', 'AGE'), ('car', 'VEHICLE TYPE'), ('SUV', 'VEHICLE TYPE')]",0.5,0.6666666666666666,0.6666666666666666
26,An accident claimed the life of a 15-year-old boy in Sargasan on Tuesday afternoon,"[('15-year-old', 'AGE'), ('boy', 'GENDER'), ('afternoon', 'TIME')]","[('15-year-old', 'AGE'), ('afternoon', 'TIME')]",0.6666666666666666,1.0,0.8
27,"Four people, including a cleric (imam) were killed when a car they were travelling in skidded off the road and rolled into a gorge on the Jammu-Srinagar national highway in Udhampur district, on Monday","[('Four', 'FATALITIES'), ('car', 'VEHICLE TYPE')]","[('Four', 'FATALITIES'), ('car', 'VEHICLE TYPE')]",1.0,1.0,1.0
28,Two people died while four sustained injuries after an SUV rammed into a road-roller moving on the Pune-Bengaluru National Highway near Ghunki phata in Kolhapur district on Saturday morning,"[('Two', 'FATALITIES'), ('four', 'INJURED'), ('SUV', 'VEHICLE TYPE'), ('road-roller', 'VEHICLE TYPE'), ('morning', 'TIME')]","[('Two', 'FATALITIES'), ('four', 'INJURED'), ('morning', 'TIME')]",0.6,1.0,0.7499999999999999
29,The video of a girl student being tossed into the air and falling 15 feet away after being hit by a speeding Jaguar car in Raichuru has gone viral,"[('girl', 'GENDER'), ('speeding', 'REASON'), ('Jaguar car', 'VEHICLE TYPE')]","[('girl', 'GENDER'), ('speeding', 'REASON'), ('Jaguar car', 'VEHICLE TYPE')]",1.0,1.0,1.0
30,"An unidentified man, around 40, years old died after he was knocked down by an allegedly speeding car near Thane’s Upvan area late on Wednesday","[('man', 'GENDER'), ('40', 'AGE'), ('speeding', 'REASON')]","[('man', 'GENDER'), ('40', 'AGE'), ('speeding', 'REASON'), ('late', 'TIME')]",0.75,0.75,0.8571428571428571
31,Five people were killed and 43 persons were injured in a road accident involving a mofussil bus of Tamil Nadu State Transport Corporation (TNSTC) and a car on the Trichy-Dindigul national highway (NH) near Manapparai in Trichy district on Sunday evening,"[('Five', 'FATALITIES'), ('43', 'INJURED'), ('bus', 'VEHICLE TYPE'), ('car', 'VEHICLE TYPE'), ('evening', 'TIME')]","[('Five', 'FATALITIES'), ('43', 'INJURED'), ('bus', 'VEHICLE TYPE'), ('car', 'VEHICLE TYPE'), ('evening', 'TIME')]",1.0,1.0,1.0
32,A 19-year-old youth was killed and another injured after a speeding car allegedly rammed their motorcycle on Sohna Road,"[('19-year-old', 'AGE'), ('speeding', 'REASON'), ('car', 'VEHICLE TYPE'), ('motorcycle', 'VEHICLE TYPE')]","[('19-year-old', 'AGE'), ('speeding', 'REASON')]",0.5,1.0,0.6666666666666666
33,"Three days after a man hit a woman while driving his car and sped away, the police arrested Jay Patel , a resident of Vadsar area, after a video of the accident went viral","[('man', 'GENDER'), ('woman', 'GENDER'), ('car', 'VEHICLE TYPE')]","[('man', 'GENDER'), ('woman', 'GENDER'), ('car', 'VEHICLE TYPE')]",1.0,1.0,1.0
34,"One of the Tamil Nadu tourists involved in the car accident at Calangute on Saturday morning died at Goa Medical College, Bambolim, on Sunday","[('car', 'VEHICLE TYPE'), ('morning', 'TIME')]","[('car', 'VEHICLE TYPE'), ('morning', 'TIME')]",1.0,1.0,1.0
35,A 31-year-old man was killed and four others were injured after their car was hit by an unidentified vehicle on the Jaipur-Agra highway under Bassi police station area of Jaipur Sunday morning,"[('31-year-old', 'AGE'), ('man', 'GENDER'), ('four', 'INJURED'), ('car', 'VEHICLE TYPE'), ('morning', 'TIME')]","[('31-year-old', 'AGE'), ('man', 'GENDER'), ('four', 'INJURED'), ('car', 'VEHICLE TYPE'), ('morning', 'TIME')]",1.0,1.0,1.0
36,Two persons died in separate hit-and-run accidents in 24 hours ending on Monday in Rajkot,"[('Two', 'FATALITIES'), ('hit-and-run', 'REASON')]","[('Two', 'FATALITIES'), ('hit-and-run', 'REASON')]",1.0,1.0,1.0
37,A dentist returning to Dausa from Jaipur was killed and his colleague was seriously injured when their car rammed into a tractor carrying iron rods near Transport Nagar here in the intervening night of Sunday and Monday,"[('car', 'VEHICLE TYPE'), ('tractor', 'VEHICLE TYPE'), ('night', 'TIME')]","[('car', 'VEHICLE TYPE'), ('tractor', 'VEHICLE TYPE'), ('night', 'TIME')]",1.0,1.0,1.0
38,Two people were killed and three others sustained injuries after their car lost balance and fell into a gorge on Delhi-Lucknow national highway on Saturday,"[('Two', 'FATALITIES'), ('three', 'INJURED'), ('car', 'VEHICLE TYPE')]","[('Two', 'FATALITIES'), ('three', 'INJURED'), ('car', 'VEHICLE TYPE')]",1.0,1.0,1.0
39,At least six persons died and one sustained injuries in a ghastly road accident reported near Srikalahasti in the district on Sunday,"[('six', 'FATALITIES'), ('one', 'INJURED')]","[('six', 'FATALITIES'), ('one', 'INJURED')]",1.0,1.0,1.0
40,"Within a span of 24 hours, four persons were killed, two others were injured while several vehicles were damaged in two separate road accidents in Shimla district","[('four', 'FATALITIES'), ('two', 'INJURED')]","[('four', 'FATALITIES'), ('two', 'INJURED')]",1.0,1.0,1.0
41,Three men were killed after their bike on which they were travelling collided head-on with a car in the Kakopathar area of Tinsukia district on Saturday night,"[('Three', 'FATALITIES'), ('men', 'GENDER'), ('bike', 'VEHICLE TYPE'), ('car', 'VEHICLE TYPE'), ('night', 'TIME')]","[('Three', 'FATALITIES'), ('bike', 'VEHICLE TYPE'), ('head-on', 'REASON'), ('car', 'VEHICLE TYPE'), ('night', 'TIME')]",0.6666666666666666,0.8,0.8000000000000002
42,"Five persons, including four of the same family, were killed after their car plunged into a swollen canal in Uttar Pradesh's Etah district on Monday","[('Five', 'FATALITIES'), ('car', 'VEHICLE TYPE')]","[('Five', 'FATALITIES'), ('car', 'VEHICLE TYPE')]",1.0,1.0,1.0
43,A 25-year-old man who stepped out of his car parked on NH-9 died after a truck crashed into the vehicle from behind early on Sunday,"[('25-year-old', 'AGE'), ('man', 'GENDER'), ('car', 'VEHICLE TYPE'), ('truck', 'VEHICLE TYPE')]","[('25-year-old', 'AGE'), ('man', 'GENDER'), ('car', 'VEHICLE TYPE'), ('truck', 'VEHICLE TYPE'), ('early', 'TIME')]",0.8,0.8,0.888888888888889
44,Five persons died on the spot and eight others received severe injuries in a road accident in the early hours of Saturday at Madiki village of Alamuru mandal in Konaseema district,"[('Five', 'FATALITIES'), ('eight', 'INJURED'), ('early', 'TIME')]","[('Five', 'FATALITIES'), ('eight', 'INJURED'), ('early', 'TIME')]",1.0,1.0,1.0
45,"Two people were killed in a road accident , near the Dhola-Sadiya bridge , in Tinsukia on Wednesday","[('Two', 'FATALITIES')]","[('Two', 'FATALITIES')]",1.0,1.0,1.0
46,"Four persons returning from a funeral were killed in an accident on the Samruddhi expressway in Aurangabad district on Wednesday, an official said","[('Four', 'FATALITIES')]","[('Four', 'FATALITIES')]",1.0,1.0,1.0
47,Four people were killed and four others sustained injuries in two separate road accidents in Thanjavur and Pudukottai on Wednesday,"[('Four', 'FATALITIES'), ('four', 'INJURED')]","[('Four', 'FATALITIES'), ('four', 'INJURED')]",1.0,1.0,1.0
48,A pedestrian died while another sustained severe injuries after being mowed down by a car on Alagappa Road in Kilpauk on Wednesday,"[('mowed down', 'REASON'), ('car', 'VEHICLE TYPE')]","[('mowed', 'REASON'), ('car', 'VEHICLE TYPE')]",0.3333333333333333,0.5,0.5
49,Two people were killed while four others were injured after a speeding car crashed into another stationary car on the Yamuna Expressway in UP’s Mathura,"[('Two', 'FATALITIES'), ('four', 'INJURED'), ('speeding', 'REASON'), ('car', 'VEHICLE TYPE'), ('car', 'VEHICLE TYPE')]","[('Two', 'FATALITIES'), ('four', 'INJURED'), ('speeding', 'REASON'), ('car', 'VEHICLE TYPE'), ('car', 'VEHICLE TYPE')]",1.0,1.0,1.0
50,"Four members of a family, including two women, died while another member was severely injured when the car they were travelling in skidded off NH-315 and crashed into a tree in Assam ’s Tinsukia district early Friday","[('Four', 'FATALITIES'), ('women', 'GENDER'), ('car', 'VEHICLE TYPE'), ('early', 'TIME')]","[('Four', 'FATALITIES'), ('women', 'GENDER'), ('car', 'VEHICLE TYPE'), ('skidded', 'REASON'), ('early', 'TIME')]",0.8,0.8,0.888888888888889
51,"A 19-year-old BTech student has been arrested on charges of ramming his car into an auto while in an inebriated condition, killing its driver on the spot, near Devanahalli late on Wednesday night","[('19-year-old', 'AGE'), ('car', 'VEHICLE TYPE'), ('night', 'TIME')]","[('19-year-old', 'AGE'), ('car', 'VEHICLE TYPE'), ('auto', 'VEHICLE TYPE'), ('night', 'TIME')]",0.75,0.75,0.8571428571428571
52,At least three people were killed while two others suffered injuries in a road mishap reported near Yerpedu in Tirupati district early on Thursday morning,"[('three', 'FATALITIES'), ('two', 'INJURED'), ('morning', 'TIME')]","[('three', 'FATALITIES'), ('two', 'INJURED'), ('morning', 'TIME')]",1.0,1.0,1.0
53,"In a futile attempt to flee from a police vehicle, a murder accused grabbed the driver and pulled on the steering wheel on Monday",[],"[('pulled', 'REASON'), ('steering', 'REASON'), ('wheel', 'REASON')]",0.0,0.0,0.0
54,"Five members of a family, including three children, were killed after a container truck coming from the wrong side of the road rammed into their car in Pune district of Maharashtra early on Wednesday, police said","[('Five', 'FATALITIES'), ('container truck', 'VEHICLE TYPE'), ('car', 'VEHICLE TYPE')]","[('three', 'FATALITIES'), ('wrong side', 'REASON'), ('car', 'VEHICLE TYPE'), ('early', 'TIME')]",0.16666666666666666,0.25,0.28571428571428575
55,"Two women and a man died, and four other people were injured, when a Bolero SUV car they were travelling in lost control and overturned in Binjrad police station area of Barmer district on Monday","[('Two', 'FATALITIES'), ('women', 'GENDER'), ('man', 'GENDER'), ('four', 'INJURED'), ('SUV', 'VEHICLE TYPE'), ('car', 'VEHICLE TYPE')]","[('Two', 'FATALITIES'), ('women', 'GENDER'), ('man', 'GENDER'), ('four', 'INJURED'), ('Bolero', 'VEHICLE TYPE'), ('SUV', 'VEHICLE TYPE'), ('car', 'VEHICLE TYPE'), ('lost control', 'REASON')]",0.75,0.75,0.8571428571428571
56,A 22-year-old bank cashier died after the bike he was riding was hit by a car in Vivek Vihar in Shahdara district on Wednesday,"[('22-year-old', 'AGE'), ('bike', 'VEHICLE TYPE'), ('car', 'VEHICLE TYPE')]","[('22-year-old', 'AGE'), ('bike', 'VEHICLE TYPE'), ('car', 'VEHICLE TYPE')]",1.0,1.0,1.0
57,"A 42-year-old bank manager died and four people, including three from his family and the driver, were injured after their car rammed into a stationary mini-truck from behind on NH-9 near Pandav Nagar on Sunday","[('42-year-old', 'AGE'), ('four', 'INJURED'), ('car', 'VEHICLE TYPE'), ('mini-truck', 'VEHICLE TYPE')]","[('42-year-old', 'AGE'), ('four', 'INJURED'), ('car', 'VEHICLE TYPE'), ('mini-truck', 'VEHICLE TYPE')]",1.0,1.0,1.0
58,"Eight persons, two of them kids, were injured in two separate accidents on the Yamuna Expressway early on Monday as dense fog cut down visibility to a few metres on the high-speed corridor","[('Eight', 'INJURED'), ('fog', 'REASON'), ('high-speed', 'REASON')]","[('Eight', 'INJURED'), ('early', 'TIME'), ('fog', 'REASON')]",0.5,0.6666666666666666,0.6666666666666666
59,A 45-year-old woman who worked at an MNC in DLF 5 died in a road accident near Westend Heights on Tuesday night when the Rapido bike she was on was hit by a car,"[('45-year-old', 'AGE'), ('woman', 'GENDER'), ('night', 'TIME'), ('bike', 'VEHICLE TYPE'), ('she', 'GENDER'), ('car', 'VEHICLE TYPE')]","[('45-year-old', 'AGE'), ('night', 'TIME'), ('bike', 'VEHICLE TYPE'), ('car', 'VEHICLE TYPE')]",0.6666666666666666,1.0,0.8
60,A 31-year-old woman from Kalyan was killed after her car crashed into the metal railing on the median on the Mumbai-Pune expressway near Khopoli exit around 12 noon Saturday,"[('31-year-old', 'AGE'), ('woman', 'GENDER'), ('car', 'VEHICLE TYPE'), ('railing', 'REASON'), ('noon', 'TIME')]","[('31-year-old', 'AGE'), ('car', 'VEHICLE TYPE'), ('noon', 'TIME')]",0.6,1.0,0.7499999999999999
61,"In a double tragedy, a mother and son died in accidents barely 12 hours apart in Madhya Pradesh","[('mother', 'GENDER'), ('son', 'GENDER')]","[('mother', 'GENDER'), ('son', 'GENDER')]",1.0,1.0,1.0
62,A 32-year-old motorcyclist was killed when he rammed into a stationary dumper parked in the middle of the highway on LBS Marg in Mulund on Saturday,"[('32-year-old', 'AGE'), ('rammed', 'REASON'), ('dumper', 'VEHICLE TYPE')]","[('32-year-old', 'AGE')]",0.3333333333333333,1.0,0.5
63,Two people were killed in separate incidents at Thiruvottiyur and Thirumullaivoyal ,"[('Two', 'FATALITIES')]","[('Two', 'FATALITIES')]",1.0,1.0,1.0
64,Three employees of a top Indian IT firm and a driver were severely injured when the office car they were travelling in rammed in to a stationary sand laden truck,"[('Three', 'FATALITIES'), ('truck', 'VEHICLE TYPE')]","[('Three', 'INJURED'), ('car', 'VEHICLE TYPE'), ('truck', 'VEHICLE TYPE')]",0.25,0.3333333333333333,0.4
65,"Two people, including a 17-year-old girl, died in two separate road accidents in the district on Tuesday","[('Two', 'FATALITIES'), ('17-year-old', 'AGE'), ('girl', 'GENDER')]","[('Two', 'FATALITIES'), ('17-year-old', 'AGE'), ('girl', 'GENDER')]",1.0,1.0,1.0
66,A woman and her grandson were killed in a collision between a pick-up vehicle and a car near the light point of Chatt in the early hours of Saturday,"[('woman', 'GENDER'), ('grandson', 'GENDER'), ('pick-up vehicle', 'VEHICLE TYPE'), ('car', 'VEHICLE TYPE'), ('early', 'TIME')]","[('woman', 'GENDER'), ('grandson', 'GENDER'), ('collision', 'REASON'), ('pick-up', 'VEHICLE TYPE'), ('car', 'VEHICLE TYPE'), ('early', 'TIME')]",0.5714285714285714,0.6666666666666666,0.7272727272727272
67,"Four people, including three members of a family from Delhi, were killed when the car in which they were travelling crashed into a tree amid dense fog in Uttar Pradesh's Kasganj district on Saturday evening","[('Four', 'FATALITIES'), ('car', 'VEHICLE TYPE'), ('tree', 'REASON'), ('fog', 'REASON'), ('evening', 'TIME')]","[('Four', 'FATALITIES'), ('car', 'VEHICLE TYPE'), ('tree', 'REASON'), ('fog', 'REASON'), ('evening', 'TIME')]",1.0,1.0,1.0
68,A man was killed in an accident at Perumbavoor after the car he was travelling in rammed a truck that was parked along the road on Wednesday morning,"[('man', 'GENDER'), ('car', 'VEHICLE TYPE'), ('rammed', 'REASON'), ('truck', 'VEHICLE TYPE'), ('morning', 'TIME')]","[('man', 'GENDER'), ('car', 'VEHICLE TYPE'), ('truck', 'VEHICLE TYPE'), ('morning', 'TIME')]",0.8,1.0,0.888888888888889
69,Three bikers were killed in two accidents in Nashik city and Chandwad on Sunday,"[('Three', 'FATALITIES'), ('bikers', 'VEHICLE TYPE')]","[('Three', 'FATALITIES'), ('bikers', 'VEHICLE TYPE')]",1.0,1.0,1.0
70,"Two friends, who were sitting on a footpath, were crushed to death by a speeding car that was driven by a 16-year-old boy in Jetpur town of Rajkot district","[('Two', 'FATALITIES'), ('speeding', 'REASON'), ('car', 'VEHICLE TYPE'), ('16-year-old', 'AGE'), ('boy', 'GENDER')]","[('Two', 'FATALITIES'), ('speeding', 'REASON'), ('car', 'VEHICLE TYPE'), ('16-year-old', 'AGE')]",0.8,1.0,0.888888888888889
71,A 25-year-old man died while two others were injured when their speeding car went out of control and crashed into a tree in the Beta-2 area of Greater Noida on Monday morning,"[('25-year-old', 'AGE'), ('man', 'GENDER'), ('two', 'INJURED'), ('speeding', 'REASON'), ('car', 'VEHICLE TYPE'), ('tree', 'REASON'), ('morning', 'TIME')]","[('25-year-old', 'AGE'), ('two', 'INJURED'), ('speeding', 'REASON'), ('car', 'VEHICLE TYPE'), ('morning', 'TIME')]",0.7142857142857143,1.0,0.8333333333333333
72,"Five people were killed and another was injured when a speeding car crashed into two stationary trucks in the Sadar police station area of Tonk district , police said on Monday","[('Five', 'FATALITIES'), ('speeding', 'REASON'), ('car', 'VEHICLE TYPE'), ('trucks', 'VEHICLE TYPE')]","[('Five', 'FATALITIES'), ('car', 'VEHICLE TYPE'), ('trucks', 'VEHICLE TYPE')]",0.75,1.0,0.8571428571428571
73,A constable of the crime branch team of Jankipuram police in Lucknow suffered injuries after a car-borne youth hit him to avoid car checking on Sunday,"[('constable', 'GENDER'), ('car', 'VEHICLE TYPE'), ('car', 'VEHICLE TYPE')]","[('car-borne', 'VEHICLE TYPE'), ('avoid car checking', 'REASON')]",0.0,0.0,0.0
74,Samajwadi Party leader Devendra Singh Yadav from Uttar Pradesh had a narrow escape after his car was hit by a truck in Mainpuri on Sunday night,"[('car', 'VEHICLE TYPE'), ('truck', 'VEHICLE TYPE'), ('night', 'TIME')]","[('car', 'VEHICLE TYPE'), ('truck', 'VEHICLE TYPE'), ('night', 'TIME')]",1.0,1.0,1.0
75,Two young students hailing from Hyderabad were killed in a road accident in Saudi Arabia ’s Dammam on June 13,"[('Two', 'FATALITIES')]","[('Two', 'FATALITIES')]",1.0,1.0,1.0
76,"Three people were killed and two others injured when their car lost balance, overturned and fell into a roadside ditch after hitting a truck in Jaunpur district, police said on Wednesday","[('Three', 'FATALITIES'), ('two', 'INJURED'), ('car', 'VEHICLE TYPE'), ('truck', 'VEHICLE TYPE')]","[('Three', 'FATALITIES'), ('two', 'INJURED'), ('lost balance', 'REASON'), ('truck', 'VEHICLE TYPE')]",0.6,0.75,0.75
77,An autorickshaw driver and passenger died and two others were grievously injured in a hit-and-run at Goregaon (east) early on Thursday,"[('autorickshaw', 'VEHICLE TYPE'), ('two', 'INJURED'), ('hit-and-run', 'REASON')]","[('autorickshaw', 'VEHICLE TYPE'), ('two', 'INJURED'), ('hit-and-run', 'REASON'), ('early', 'TIME')]",0.75,0.75,0.8571428571428571
78,"Two policemen, who were on night patrolling duty in Dehlon area on Monday, sustained injuries after an unidentified speeding car hit their bike","[('Two', 'INJURED'), ('policemen', 'GENDER'), ('speeding', 'REASON'), ('car', 'VEHICLE TYPE'), ('bike', 'VEHICLE TYPE')]","[('Two', 'INJURED'), ('speeding', 'REASON'), ('car', 'VEHICLE TYPE'), ('bike', 'VEHICLE TYPE')]",0.8,1.0,0.888888888888889
79,"In a freak mishap, a container truck, a loaded trailer and a car collided near Gaikmukh and led to a major traffic jam on the Mumbai-bound lane of Ghodbunder Road and Ahmedabad highway on Tuesday morning, officials informed","[('container truck', 'VEHICLE TYPE'), ('trailer', 'VEHICLE TYPE'), ('car', 'VEHICLE TYPE'), ('morning', 'TIME')]","[('truck', 'VEHICLE TYPE'), ('trailer', 'VEHICLE TYPE'), ('car', 'VEHICLE TYPE'), ('morning', 'TIME')]",0.6,0.75,0.75
80,Three persons were injured in a car accident at the PVNR Expressway on Sunday afternoon,"[('Three', 'INJURED'), ('afternoon', 'TIME')]","[('Three', 'FATALITIES'), ('car', 'VEHICLE TYPE'), ('afternoon', 'TIME')]",0.25,0.3333333333333333,0.4
81,Two motorcycle riders were killed in two different road accidents in Mohali,"[('Two', 'FATALITIES'), ('motorcycle', 'VEHICLE TYPE')]","[('Two', 'FATALITIES'), ('motorcycle', 'VEHICLE TYPE')]",1.0,1.0,1.0
82,Thane-bound traffic on Ghodbunder road was affected for nearly two hours on Tuesday morning after an accident involving a truck and a four wheeler,"[('morning', 'TIME'), ('truck', 'VEHICLE TYPE'), ('four wheeler', 'VEHICLE TYPE')]","[('morning', 'TIME'), ('truck', 'VEHICLE TYPE'), ('four wheeler', 'VEHICLE TYPE')]",1.0,1.0,1.0
83,A 71-year-old man died in a road accident when a speeding car hit his motorcycle,"[('71-year-old', 'AGE'), ('car', 'VEHICLE TYPE'), ('motorcycle', 'VEHICLE TYPE')]","[('71-year-old', 'AGE'), ('man', 'GENDER'), ('car', 'VEHICLE TYPE')]",0.5,0.6666666666666666,0.6666666666666666
84,A 80-year-old man and his sons were killed after their car was hit by an unidentified vehicle in Narsinghpur district on Sunday night,"[('80-year-old', 'AGE'), ('man', 'GENDER'), ('sons', 'GENDER'), ('car', 'VEHICLE TYPE'), ('night', 'TIME')]","[('80-year-old', 'AGE'), ('man', 'GENDER'), ('sons', 'GENDER'), ('car', 'VEHICLE TYPE'), ('night', 'TIME')]",1.0,1.0,1.0
85,"A woman and her two minor sons were killed while three people sustained injuries when a bus rammed into a car and a minibus in Bhilwara district, said police on Monday","[('woman', 'GENDER'), ('three', 'INJURED'), ('bus', 'VEHICLE TYPE'), ('car', 'VEHICLE TYPE'), ('minibus', 'VEHICLE TYPE')]","[('woman', 'GENDER'), ('sons', 'GENDER'), ('three', 'INJURED'), ('bus', 'VEHICLE TYPE'), ('car', 'VEHICLE TYPE')]",0.6666666666666666,0.8,0.8000000000000002
86,"In a drunk driving incident near Breach Candy on Monday, Raunak Ganatra, 26, rammed into a taxi driver walking out to grab a bite and after losing further control, slammed into two taxis and a brown sedan, parked by the road","[('drunk', 'REASON'), ('26', 'AGE'), ('taxis', 'VEHICLE TYPE'), ('sedan', 'VEHICLE TYPE')]","[('drunk', 'REASON'), ('26', 'AGE'), ('taxis', 'VEHICLE TYPE'), ('sedan', 'VEHICLE TYPE')]",1.0,1.0,1.0
87,At least two women were killed and four others sustained serious injuries in a collision between a car and a truck in Ghazipur on Saturday,"[('two', 'FATALITIES'), ('women', 'GENDER'), ('four', 'INJURED'), ('car', 'VEHICLE TYPE'), ('truck', 'VEHICLE TYPE')]","[('two', 'FATALITIES'), ('women', 'GENDER'), ('four', 'INJURED'), ('car', 'VEHICLE TYPE'), ('truck', 'VEHICLE TYPE')]",1.0,1.0,1.0
88,"A youth died and another was injured after colliding with the vehicle of a serving colonel in at Ridge Road, under the Gorabazar police station, in Jabalpur on Saturday",[],"[('youth', 'AGE'), ('colliding', 'REASON')]",0.0,0.0,0.0
89,"One person was killed and 11 injured in an accident involving two tractor trolleys , a passenger bus and a car at Bheru ghat in Simrol on late Monday night","[('One', 'FATALITIES'), ('11', 'INJURED'), ('tractor trolleys', 'VEHICLE TYPE'), ('bus', 'VEHICLE TYPE'), ('car', 'VEHICLE TYPE'), ('night', 'TIME')]","[('One', 'FATALITIES'), ('11', 'INJURED'), ('tractor', 'VEHICLE TYPE'), ('bus', 'VEHICLE TYPE'), ('car', 'VEHICLE TYPE'), ('late', 'TIME'), ('night', 'TIME')]",0.625,0.7142857142857143,0.7692307692307692
90,"Three persons, including two minors died and three others injured after a speeding car in which they were travelling rammed into a roadside electric pole on the Maurawan-Gurbaksh Ganj road in Unnao district on Saturday night","[('Three', 'FATALITIES'), ('three', 'INJURED'), ('speeding', 'REASON'), ('car', 'VEHICLE TYPE'), ('night', 'TIME')]","[('Three', 'FATALITIES'), ('minors', 'AGE'), ('three', 'INJURED'), ('speeding', 'REASON'), ('car', 'VEHICLE TYPE'), ('night', 'TIME')]",0.8333333333333334,0.8333333333333334,0.9090909090909091
91,"Three persons, including two women, were killed when their car hurtled off a bridge in Ghatabillod area of Dhar district on Tuesday evening","[('Three', 'FATALITIES'), ('women', 'GENDER'), ('car', 'VEHICLE TYPE'), ('evening', 'TIME')]","[('Three', 'FATALITIES'), ('women', 'GENDER'), ('hurtled', 'REASON'), ('evening', 'TIME')]",0.6,0.75,0.75
92,Four members of a family were killed when their car overturned due to tyre burst at Mupkal in Telangana's Nizamabad district on Wednesday,"[('Four', 'FATALITIES'), ('tyre burst', 'REASON')]","[('Four', 'FATALITIES'), ('car', 'VEHICLE TYPE'), ('tyre burst', 'REASON')]",0.6666666666666666,0.6666666666666666,0.8
93,"Two Jammu University students died and as many were injured on Monday when their car rolled down a deep gorge after being hit by a truck on the Jammu-Srinagar national highway in Ramban district, officials said","[('Two', 'FATALITIES'), ('car', 'VEHICLE TYPE'), ('truck', 'VEHICLE TYPE')]","[('Two', 'FATALITIES'), ('car', 'VEHICLE TYPE'), ('truck', 'VEHICLE TYPE')]",1.0,1.0,1.0
94,A Class 2 student died after a car on the wrong side of a road hit a scooter that her father was driving to drop her to school on Thursday morning in Sector 22,"[('car', 'VEHICLE TYPE'), ('scooter', 'VEHICLE TYPE'), ('morning', 'TIME')]","[('Class 2', 'AGE'), ('car', 'VEHICLE TYPE'), ('wrong side', 'REASON'), ('scooter', 'VEHICLE TYPE'), ('morning', 'TIME')]",0.6,0.6,0.7499999999999999
95,A Class II student died after a car on the wrong side of a road hit a scooter that her father was driving to drop her to school on Thursday morning in Sector 22,"[('car', 'VEHICLE TYPE'), ('scooter', 'VEHICLE TYPE'), ('morning', 'TIME')]","[('Class II', 'AGE'), ('car', 'VEHICLE TYPE'), ('wrong side', 'REASON'), ('scooter', 'VEHICLE TYPE'), ('her', 'GENDER'), ('morning', 'TIME')]",0.5,0.5,0.6666666666666666
96,A 56-year-old woman from Delhi died and four of her family members suffered injuries when the Swift Dzire in which they were travelling collided head-on with a car being driven on the wrong side of the Dwarka Expressway,"[('56-year-old', 'AGE'), ('woman', 'GENDER'), ('four', 'INJURED'), ('car', 'VEHICLE TYPE')]","[('56-year-old', 'AGE'), ('woman', 'GENDER'), ('four', 'INJURED'), ('Swift Dzire', 'VEHICLE TYPE'), ('collided', 'REASON'), ('car', 'VEHICLE TYPE')]",0.6666666666666666,0.6666666666666666,0.8
97,"Four people, including a seven-year-old girl , were killed in two accidents since Thursday","[('Four', 'FATALITIES'), ('seven-year-old', 'AGE'), ('girl', 'GENDER')]","[('Four', 'FATALITIES'), ('seven-year-old', 'AGE'), ('girl', 'GENDER')]",1.0,1.0,1.0
98,A woman died and three others were severely injured after a speeding car rammed an APSRTC bus that was stationed at a bus stand at Jaggaiahpet in NTR district on Sunday morning,"[('woman', 'GENDER'), ('three', 'INJURED'), ('speeding', 'REASON'), ('car', 'VEHICLE TYPE'), ('bus', 'VEHICLE TYPE'), ('bus', 'VEHICLE TYPE'), ('morning', 'TIME')]","[('woman', 'GENDER'), ('three', 'INJURED'), ('speeding', 'REASON'), ('car', 'VEHICLE TYPE'), ('bus', 'VEHICLE TYPE'), ('bus', 'VEHICLE TYPE'), ('morning', 'TIME')]",1.0,1.0,1.0
99,"A 30-year-old street vendor was killed while another was seriously injured when a speeding car rammed into them in Shalimar Bagh area of northwest Delhi, police said on Tuesday","[('30-year-old', 'AGE'), ('speeding', 'REASON'), ('car', 'VEHICLE TYPE')]","[('30-year-old', 'AGE'), ('speeding', 'REASON'), ('car', 'VEHICLE TYPE')]",1.0,1.0,1.0
100,Two brothers travelling on a motorcycle died in a road accident on Chennai’s Kamarajar Salai on Sunday,"[('brothers', 'GENDER'), ('motorcycle', 'VEHICLE TYPE')]","[('Two', 'FATALITIES'), ('brothers', 'GENDER'), ('motorcycle', 'VEHICLE TYPE')]",0.6666666666666666,0.6666666666666666,0.8
101,A youth and his elder brother were killed when the motorcycle they were riding collided head on with a car on Saturday night near Hatli village of Chamba district,"[('brother', 'GENDER'), ('motorcycle', 'VEHICLE TYPE'), ('car', 'VEHICLE TYPE'), ('night', 'TIME')]","[('brother', 'GENDER'), ('motorcycle', 'VEHICLE TYPE'), ('collided', 'REASON'), ('car', 'VEHICLE TYPE'), ('night', 'TIME')]",0.8,0.8,0.888888888888889
102,"A woman sub-inspector of Assam Police , who was in the news last year for arresting her fiance months before wedding for allegedly duping huge funds from two contractors in Majuli, was killed in a road accident under mysterious circumstances in Nagaon district after her car allegedly collided with a truck on NH-37 early on Tuesday, the police said","[('woman', 'GENDER'), ('fiance', 'GENDER'), ('car', 'VEHICLE TYPE'), ('truck', 'VEHICLE TYPE')]","[('woman', 'GENDER'), ('car', 'VEHICLE TYPE'), ('collided', 'REASON'), ('truck', 'VEHICLE TYPE')]",0.6,0.75,0.75
103,A 47-year-old policeman attached with the Pothanikkad police died in a vehicle accident on Saturday,"[('47-year-old', 'AGE')]","[('47-year-old', 'AGE')]",1.0,1.0,1.0
104,"A 19-year-old student driving a Mercedes, rammed into the rear-end of another car on Bandra-Worli sea link on Sunday","[('19-year-old', 'AGE'), ('Mercedes', 'VEHICLE TYPE'), ('car', 'VEHICLE TYPE')]","[('19-year-old', 'AGE'), ('rammed', 'REASON'), ('car', 'VEHICLE TYPE')]",0.5,0.6666666666666666,0.6666666666666666
105,Four passengers were killed when a car collided with a truck on National Highway-20 near Badapasi village in Keonjhar district on Thursday,"[('Four', 'FATALITIES'), ('car', 'VEHICLE TYPE'), ('truck', 'VEHICLE TYPE')]","[('Four', 'FATALITIES'), ('car', 'VEHICLE TYPE'), ('collided', 'REASON'), ('truck', 'VEHICLE TYPE')]",0.75,0.75,0.8571428571428571
106,"Four members of a family were killed when their car rammed into a dumper truck on a state highway in Gujarat 's Bhavnagar district, police said on Sunday","[('Four', 'FATALITIES'), ('car', 'VEHICLE TYPE'), ('dumper truck', 'VEHICLE TYPE')]","[('Four', 'FATALITIES'), ('car', 'VEHICLE TYPE'), ('rammed', 'REASON')]",0.5,0.6666666666666666,0.6666666666666666
107,Police have seized the BMW car that crashed into a cyclist - a Gurgaon-based businessman who was declared dead in hospital - on the Delhi-Gurgaon expressway,"[('BMW', 'VEHICLE TYPE'), ('car', 'VEHICLE TYPE'), ('cyclist', 'VEHICLE TYPE'), ('businessman', 'GENDER')]","[('car', 'VEHICLE TYPE'), ('crashed', 'REASON')]",0.2,0.5,0.3333333333333333
108,Three members of a family died when the SUV they were travelling in overturned near the Mahmoouda Bridge under Khudaganj police station area in Nalanda on Monday morning,"[('Three', 'FATALITIES'), ('SUV', 'VEHICLE TYPE'), ('morning', 'TIME')]","[('Three', 'FATALITIES'), ('SUV', 'VEHICLE TYPE'), ('overturned', 'REASON'), ('morning', 'TIME')]",0.75,0.75,0.8571428571428571
109,"A 50-year-old man died on Sunday after a BMW car allegedly hit his sport bicycle on Mahipalpur flyover in southwest Delhi, police said","[('50-year-old', 'AGE'), ('man', 'GENDER'), ('BMW', 'VEHICLE TYPE'), ('car', 'VEHICLE TYPE'), ('bicycle', 'VEHICLE TYPE')]","[('50-year-old', 'AGE'), ('man', 'GENDER'), ('car', 'VEHICLE TYPE')]",0.6,1.0,0.7499999999999999
110,A 48-year-old woman and her 28-year-old son were killed in a car accident at Sandhiyur here on Friday morning,"[('48-year-old', 'AGE'), ('woman', 'GENDER'), ('28-year-old', 'AGE'), ('son', 'GENDER'), ('morning', 'TIME')]","[('48-year-old', 'AGE'), ('woman', 'GENDER'), ('28-year-old', 'AGE'), ('son', 'GENDER'), ('car', 'VEHICLE TYPE'), ('morning', 'TIME')]",0.8333333333333334,0.8333333333333334,0.9090909090909091
111,"A first-year undergraduate student from St Xavier's College died and three others — college students, two from the same institution — were injured in a car crash on Gurusaday Road in south Kolkata very early on Monday","[('three', 'INJURED'), ('car', 'VEHICLE TYPE')]","[('three others', 'FATALITIES'), ('two', 'INJURED'), ('car', 'VEHICLE TYPE'), ('crash', 'REASON')]",0.2,0.25,0.3333333333333333
112,A 49-year-old pedestrian died after being hit by a BEST bus which lost control and collided with another bus at Badhwar park in Mumbai's Cuffe Parade on Saturday,"[('49-year-old', 'AGE'), ('bus', 'VEHICLE TYPE'), ('bus', 'VEHICLE TYPE')]","[('49-year-old', 'AGE'), ('bus', 'VEHICLE TYPE'), ('collided', 'REASON')]",0.75,0.75,0.8571428571428571
113,"Three persons, including a driver, were killed on the spot when their car collided with an oncoming SUV on Bengaluru-Mysuru Expressway at Gejjalagere village in Maddur taluk on Tuesday","[('Three', 'FATALITIES'), ('car', 'VEHICLE TYPE'), ('SUV', 'VEHICLE TYPE')]","[('Three', 'FATALITIES'), ('car', 'VEHICLE TYPE'), ('collided', 'REASON'), ('SUV', 'VEHICLE TYPE')]",0.75,0.75,0.8571428571428571
114,Four college students died after the car they were travelling in hit a stationary truck at Gahunje village on the Pune-Mumbai Expressway around 3,"[('Four', 'FATALITIES'), ('car', 'VEHICLE TYPE'), ('truck', 'VEHICLE TYPE')]","[('Four', 'FATALITIES'), ('car', 'VEHICLE TYPE'), ('truck', 'VEHICLE TYPE')]",1.0,1.0,1.0
115,"Three people, including two sisters and a food delivery executive , died and at least three people were injured after a car allegedly rammed the iron railings on the Vikas Marg median in east Delhi on Sunday","[('Three', 'FATALITIES'), ('sisters', 'GENDER'), ('three', 'INJURED'), ('car', 'VEHICLE TYPE'), ('rammed', 'REASON')]","[('Three', 'FATALITIES'), ('three', 'INJURED'), ('car', 'VEHICLE TYPE'), ('rammed', 'REASON')]",0.8,1.0,0.888888888888889
116,"Unable to overcome the loss of their son, who was killed in a road accident recently, a husband-wife duo attempted to die by suicide by consuming poison at their house near Kanuvai Road on the outskirts of the city on Tuesday noon","[('son', 'GENDER'), ('husband', 'GENDER'), ('noon', 'TIME')]","[('son', 'GENDER'), ('poison', 'REASON'), ('noon', 'TIME')]",0.5,0.6666666666666666,0.6666666666666666
117,"A 42-year-old man from Koba and his 17-year-old daughter died after a speeding SUV hit their scooter near the Gujarat BJP headquarters, Kamalam, on Monday morning","[('42-year-old', 'AGE'), ('man', 'GENDER'), ('17-year-old', 'AGE'), ('daughter', 'GENDER'), ('speeding', 'REASON'), ('SUV', 'VEHICLE TYPE'), ('scooter', 'VEHICLE TYPE'), ('morning', 'TIME')]","[('42-year-old', 'AGE'), ('man', 'GENDER'), ('17-year-old', 'AGE'), ('daughter', 'GENDER'), ('SUV', 'VEHICLE TYPE'), ('scooter', 'VEHICLE TYPE'), ('morning', 'TIME')]",0.875,1.0,0.9333333333333333
118,"One occupant of a car died on the spot after the car in which he was travelling collided head-on with a truck and landed 10m down in a gorge in the Karmal Ghat area near Gulem, Canacona, on Monday","[('One', 'FATALITIES'), ('car', 'VEHICLE TYPE'), ('car', 'VEHICLE TYPE'), ('collided', 'REASON'), ('truck', 'VEHICLE TYPE')]","[('One', 'FATALITIES'), ('car', 'VEHICLE TYPE'), ('collided', 'REASON'), ('truck', 'VEHICLE TYPE')]",1.0,1.0,1.0
119,"Three persons, including a five-year-old, were killed and four seriously injured after a four-wheeler in which they were travelling hit a tractor trolley from behind in Daloda area of Mandsaur on Thursday night","[('Three', 'FATALITIES'), ('five-year-old', 'AGE'), ('four', 'INJURED'), ('four-wheeler', 'VEHICLE TYPE'), ('tractor trolley', 'VEHICLE TYPE'), ('night', 'TIME')]","[('Three', 'FATALITIES'), ('four', 'INJURED'), ('four-wheeler', 'VEHICLE TYPE'), ('tractor', 'VEHICLE TYPE'), ('night', 'TIME')]",0.5714285714285714,0.8,0.7272727272727272
120,"Eight persons, six of them bikers, were injured in six bike accidents from Friday night to Saturday","[('Eight', 'INJURED'), ('bikers', 'VEHICLE TYPE'), ('bike', 'VEHICLE TYPE'), ('night', 'TIME')]","[('six', 'INJURED'), ('bike', 'VEHICLE TYPE'), ('night', 'TIME')]",0.4,0.6666666666666666,0.5714285714285715
121,A woman and her son were killed after the car they were travelling in fell into a deep gorge at Badethi-Banchora Road in Uttarkashi district on Wednesday morning,"[('woman', 'GENDER'), ('son', 'GENDER'), ('car', 'VEHICLE TYPE'), ('morning', 'TIME')]","[('woman', 'GENDER'), ('son', 'GENDER'), ('car', 'VEHICLE TYPE'), ('gorge', 'REASON'), ('morning', 'TIME')]",0.8,0.8,0.888888888888889
122,"Three persons, including a two-year-old boy, were killed in an accident involving a scooter and a car at Elathur near Kozhikode early Wednesday morning","[('Three', 'FATALITIES'), ('two-year-old', 'AGE'), ('boy', 'GENDER'), ('scooter', 'VEHICLE TYPE'), ('car', 'VEHICLE TYPE')]","[('Three', 'FATALITIES'), ('two-year-old', 'AGE'), ('boy', 'GENDER'), ('scooter', 'VEHICLE TYPE'), ('car', 'VEHICLE TYPE'), ('morning', 'TIME')]",0.8333333333333334,0.8333333333333334,0.9090909090909091
123,"One occupant of a car died on the spot after the car in which he was travelling collided head-on with a truck and landed 10m down in a gorge in the Karmal Ghat area near Gulem, Canacona, on Monday","[('One', 'FATALITIES'), ('car', 'VEHICLE TYPE'), ('car', 'VEHICLE TYPE'), ('collided', 'REASON'), ('truck', 'VEHICLE TYPE')]","[('One', 'FATALITIES'), ('car', 'VEHICLE TYPE'), ('collided', 'REASON'), ('truck', 'VEHICLE TYPE')]",1.0,1.0,1.0
124,"A woman in her 40s was killed and five others were injured in four separate accidents, all involving two-wheelers, in the city on Friday","[('woman', 'GENDER'), ('40s', 'AGE'), ('five', 'INJURED'), ('two-wheelers', 'VEHICLE TYPE')]","[('woman', 'GENDER'), ('40s', 'AGE'), ('five', 'INJURED'), ('two-wheelers', 'VEHICLE TYPE')]",1.0,1.0,1.0
125,"Five students at an international school in New Town, all aged between five and seven years, received minor injuries when their pool car rammed a median divider near Karigori Bhavan in New Town around 7","[('Five', 'INJURED'), ('seven', 'AGE'), ('car', 'VEHICLE TYPE'), ('rammed', 'REASON')]","[('Five', 'INJURED'), ('five', 'AGE'), ('seven', 'AGE'), ('car', 'VEHICLE TYPE')]",0.6,0.75,0.75
126,"Six people lost their lives when an auto-rickshaw collided with a speeding car in Agra , police said on Tuesday","[('Six', 'FATALITIES'), ('auto-rickshaw', 'VEHICLE TYPE'), ('speeding', 'REASON'), ('car', 'VEHICLE TYPE')]","[('Six', 'FATALITIES'), ('auto-rickshaw', 'VEHICLE TYPE'), ('collided', 'REASON'), ('car', 'VEHICLE TYPE')]",0.6,0.75,0.75
127,The name Lucky proved to be really lucky for a one-and-a-half-year-old child who survived a near-fatal accident in Kalyanpur area on Tuesday night,"[('one-and-a-half-year-old', 'AGE'), ('night', 'TIME')]","[('one-and-a-half-year-old', 'AGE'), ('night', 'TIME')]",1.0,1.0,1.0
128,"A 28-year-old biker was knocked down and killed by a car on Palm Beach Road in Navi Mumbai on Sunday, police said","[('28-year-old', 'AGE'), ('biker', 'VEHICLE TYPE'), ('car', 'VEHICLE TYPE')]","[('28-year-old', 'AGE'), ('knocked', 'REASON'), ('car', 'VEHICLE TYPE')]",0.5,0.6666666666666666,0.6666666666666666
129,A middle-aged couple and a 70-year-old man and his 25-year-old son were killed in two separate road accidents at Talera in Bundi and at Anta in Baran respectively on Sunday evening and Saturday night,"[('70-year-old', 'AGE'), ('man', 'GENDER'), ('25-year-old', 'AGE'), ('son', 'GENDER'), ('evening', 'TIME'), ('night', 'TIME')]","[('70-year-old', 'AGE'), ('25-year-old', 'AGE'), ('evening', 'TIME')]",0.5,1.0,0.6666666666666666
130,Three employees of a top Indian IT firm and a driver were severely injured when the office car they were travelling in rammed in to a stationary sand laden truck,"[('Three', 'FATALITIES'), ('truck', 'VEHICLE TYPE')]","[('Three', 'FATALITIES'), ('car', 'VEHICLE TYPE'), ('rammed', 'REASON')]",0.25,0.3333333333333333,0.4
131,"A pedestrian, who was hit by a car, succumbed to injuries at a private hospital here on Wednesday","[('car', 'VEHICLE TYPE')]","[('hit', 'REASON'), ('car', 'VEHICLE TYPE')]",0.5,0.5,0.6666666666666666
132,"Two persons died from electrocution , while two others were injured, after a Toyota Innova rammed into an electrical pole on the Mysuru-Mananthavady highway in the wee hours of Friday","[('Two', 'FATALITIES'), ('two', 'INJURED'), ('Toyota Innova', 'VEHICLE TYPE')]","[('Two', 'FATALITIES'), ('electrocution', 'REASON'), ('two', 'INJURED')]",0.5,0.6666666666666666,0.6666666666666666
133,"Six persons, including two school girls, were injured after a car being driven by a college student returning from a party rammed into an e-rickshaw in Sector 41 on Tuesday morning","[('Six', 'INJURED'), ('girls', 'GENDER'), ('car', 'VEHICLE TYPE'), ('e-rickshaw', 'VEHICLE TYPE'), ('morning', 'TIME')]","[('Six persons', 'INJURED'), ('car', 'VEHICLE TYPE'), ('e-rickshaw', 'VEHICLE TYPE'), ('morning', 'TIME')]",0.5,0.75,0.6666666666666665
134,"Six members of a family, including two minor girls, were killed and another was critically injured after the car in which they were travelling collided with a parked truck on National Highway-26 at Chuinbandh in Balangir district on Tuesday night","[('Six', 'FATALITIES'), ('girls', 'GENDER'), ('car', 'VEHICLE TYPE'), ('collided', 'REASON'), ('truck', 'VEHICLE TYPE'), ('night', 'TIME')]","[('Six', 'FATALITIES'), ('car', 'VEHICLE TYPE'), ('collided', 'REASON'), ('truck', 'VEHICLE TYPE'), ('night', 'TIME')]",0.8333333333333334,1.0,0.9090909090909091
135,A 31-year-old man sleeping inside a water ATM booth died after a car with four youths crashed into the kiosk around 1,"[('31-year-old', 'AGE'), ('man', 'GENDER'), ('car', 'VEHICLE TYPE')]","[('31-year-old', 'AGE'), ('man', 'GENDER'), ('car', 'VEHICLE TYPE')]",1.0,1.0,1.0
136,A 48-year-old woman was killed while five others were injured after a speeding container truck collided with a car in which they were travelling on Monday morning near Singhpur intersection of Bithoor police station area of the district,"[('48-year-old', 'AGE'), ('woman', 'GENDER'), ('five', 'INJURED'), ('speeding', 'REASON'), ('container truck', 'VEHICLE TYPE'), ('car', 'VEHICLE TYPE'), ('morning', 'TIME')]","[('48-year-old', 'AGE'), ('woman', 'GENDER'), ('five', 'INJURED'), ('speeding', 'REASON'), ('truck', 'VEHICLE TYPE'), ('car', 'VEHICLE TYPE'), ('morning', 'TIME')]",0.75,0.8571428571428571,0.8571428571428571
137,"The wife of Telangana Director-General of Police (CID) was killed and two others were injured when the car they were travelling in overturned in Rajasthan's Jaisalmer district on Monday, police said","[('wife', 'GENDER'), ('two', 'INJURED'), ('car', 'VEHICLE TYPE')]","[('two', 'INJURED'), ('car', 'VEHICLE TYPE')]",0.6666666666666666,1.0,0.8
138,A woman pilgrim from Himachal Pradesh was killed while four others suffered injuries when their car collided with another vehicle on Katra-Jammu road near Domail in Jammu district,"[('woman', 'GENDER'), ('four', 'INJURED'), ('car', 'VEHICLE TYPE')]","[('woman', 'GENDER'), ('four', 'INJURED'), ('car', 'VEHICLE TYPE'), ('collided', 'REASON')]",0.75,0.75,0.8571428571428571
139,"A private luxury bus dashed a car in a bid to overtake it, killing the cab driver and his brother-in-law at Malad village on the Pune-Solapur highway","[('bus', 'VEHICLE TYPE'), ('car', 'VEHICLE TYPE'), ('brother-in-law', 'GENDER')]","[('bus', 'VEHICLE TYPE'), ('dashed', 'REASON'), ('car', 'VEHICLE TYPE')]",0.5,0.6666666666666666,0.6666666666666666
140,A minor boy was killed and two of his friends were injured when a speeding car rammed a group of children playing outside their houses at Kansalipeta here on Saturday,"[('boy', 'GENDER'), ('two', 'INJURED'), ('car', 'VEHICLE TYPE'), ('rammed', 'REASON')]","[('boy', 'GENDER'), ('two', 'INJURED'), ('rammed', 'VEHICLE TYPE')]",0.4,0.6666666666666666,0.5714285714285715
141,Two persons were killed and three others were injured after their car collided with an over-speeding truck at Udaypur in Surajpur district in Surguja division early on Wednesday morning,"[('Two', 'FATALITIES'), ('three', 'INJURED'), ('car', 'VEHICLE TYPE'), ('over-speeding', 'REASON'), ('truck', 'VEHICLE TYPE'), ('morning', 'TIME')]","[('Two', 'FATALITIES'), ('three', 'INJURED'), ('car', 'VEHICLE TYPE'), ('collided', 'REASON'), ('truck', 'VEHICLE TYPE'), ('morning', 'TIME')]",0.7142857142857143,0.8333333333333334,0.8333333333333334
142,Two people were killed and three others sustained injuries as a car overturned after hitting a bridge here on Friday,"[('Two', 'FATALITIES'), ('three', 'INJURED'), ('car', 'VEHICLE TYPE')]","[('Two', 'FATALITIES'), ('three', 'INJURED'), ('car', 'VEHICLE TYPE'), ('overturned', 'REASON')]",0.75,0.75,0.8571428571428571
143,A 29-year-old security executive with a private airline died on the spot when a speeding cab rammed his motorbike near Chikkajala on Ballari Road on Monday,"[('29-year-old', 'AGE'), ('speeding', 'REASON'), ('motorbike', 'VEHICLE TYPE')]","[('29-year-old', 'AGE'), ('speeding', 'REASON'), ('cab', 'VEHICLE TYPE'), ('motorbike', 'VEHICLE TYPE')]",0.75,0.75,0.8571428571428571
144,"G Ramesh, 36, died in an accident after he was hit by a car coming in the opposite direction at Kushaiguda on Saturday","[('36', 'AGE'), ('car', 'VEHICLE TYPE')]","[('36', 'AGE'), ('hit', 'REASON'), ('car', 'VEHICLE TYPE')]",0.6666666666666666,0.6666666666666666,0.8
145,An autorickshaw driver died and a scooter rider's leg had to be amputated after a cluster scheme bus lost control and hit many vehicles in southeast Delhi's New Friends Colony on Wednesday,"[('autorickshaw', 'VEHICLE TYPE'), ('scooter', 'VEHICLE TYPE'), ('bus', 'VEHICLE TYPE')]","[('autorickshaw', 'VEHICLE TYPE'), ('scooter', 'VEHICLE TYPE'), ('bus', 'VEHICLE TYPE')]",1.0,1.0,1.0
146,Two woman techies died after being hit by a speeding car on the OMR in Chennai on Wednesday night,"[('Two', 'FATALITIES'), ('woman', 'GENDER'), ('speeding', 'REASON'), ('car', 'VEHICLE TYPE'), ('night', 'TIME')]","[('Two', 'FATALITIES'), ('speeding', 'REASON'), ('car', 'VEHICLE TYPE'), ('night', 'TIME')]",0.8,1.0,0.888888888888889
147,Five persons were killed in two accidents on the ORR stretch on Monday,"[('Five', 'FATALITIES')]","[('Five', 'FATALITIES')]",1.0,1.0,1.0
148,A 36-year-old man was killed after his scooter was hit by a speeding car in west Delhi's Moti Nagar early on Sunday,"[('36-year-old', 'AGE'), ('man', 'GENDER'), ('scooter', 'VEHICLE TYPE'), ('speeding', 'REASON'), ('car', 'VEHICLE TYPE')]","[('36-year-old', 'AGE'), ('man', 'GENDER'), ('scooter', 'VEHICLE TYPE'), ('speeding', 'REASON'), ('car', 'VEHICLE TYPE')]",1.0,1.0,1.0
149,Three people were killed and several others injured in two separate road accidents in Jammu and Kashmir ’s Reasi district late on Saturday,"[('Three', 'FATALITIES'), ('several', 'INJURED')]","[('Three', 'FATALITIES')]",0.5,1.0,0.6666666666666666
150,An 18-year-old girl died while her two friends were injured in a road accident in outer Delhi's Paschim Vihar on Wednesday morning,"[('18-year-old', 'AGE'), ('girl', 'GENDER'), ('two', 'INJURED'), ('morning', 'TIME')]","[('18-year-old', 'AGE'), ('girl', 'GENDER'), ('two', 'INJURED'), ('morning', 'TIME')]",1.0,1.0,1.0
151,"Five people were killed after their car rammed into a truck parked on the roadside in Ahor area of Rajasthan's Jalore district, police said on Tuesday","[('Five', 'FATALITIES'), ('car', 'VEHICLE TYPE'), ('rammed', 'REASON'), ('truck', 'VEHICLE TYPE')]","[('Five', 'FATALITIES'), ('car', 'VEHICLE TYPE'), ('rammed', 'REASON'), ('truck', 'VEHICLE TYPE')]",1.0,1.0,1.0
152,A 13-year-old boy succumbed to his injuries on Tuesday after his cycle was hit by a car driven by a chartered accountant in south Delhi's Hauz Khas on Saturday,"[('13-year-old', 'AGE'), ('boy', 'GENDER'), ('cycle', 'VEHICLE TYPE'), ('car', 'VEHICLE TYPE')]","[('13-year-old', 'INJURED'), ('boy', 'GENDER'), ('car', 'VEHICLE TYPE')]",0.4,0.6666666666666666,0.5714285714285715
153,Two closely-related youths were killed and six others injured when their Innova rammed into a peepal tree on the Eastern Express Highway in Vikhroli around 12,"[('Two', 'FATALITIES'), ('six', 'INJURED'), ('Innova', 'VEHICLE TYPE')]","[('Two', 'FATALITIES'), ('six', 'INJURED'), ('rammed', 'REASON')]",0.5,0.6666666666666666,0.6666666666666666
154,A 43-year-old autorickshaw driver was killed in a serial accident near Wonderla gate on Bengaluru-Mysuru Road on Tuesday morning,"[('43-year-old', 'AGE'), ('autorickshaw driver', 'VEHICLE TYPE'), ('morning', 'TIME')]","[('43-year-old', 'AGE'), ('autorickshaw', 'VEHICLE TYPE'), ('morning', 'TIME')]",0.5,0.6666666666666666,0.6666666666666666
155,"Five people, including a mother-daughter duo, were killed in three separate accidents that occurred in Rudraprayag and Pithoragarh districts of Uttarakhand on Tuesday","[('Five', 'FATALITIES'), ('mother', 'GENDER'), ('daughter', 'GENDER')]","[('Five people', 'FATALITIES'), ('mother-daughter', 'GENDER')]",0.0,0.0,0.0
156,An IT employee died and three others suffered injuries on Thurday night after their car rammed a median near Potheri in Chengalpet ,"[('three', 'INJURED'), ('car', 'VEHICLE TYPE'), ('rammed', 'REASON')]","[('three', 'INJURED'), ('night', 'TIME'), ('car', 'VEHICLE TYPE'), ('rammed', 'REASON')]",0.75,0.75,0.8571428571428571
157,A 74-year-old man was crushed to death and his 67-year-old wife seriously injured when they were caught between their gate and their SUV after the driver pressed the accelerator instead of the brakes by mistake at Chromepet on Saturday night,"[('74-year-old', 'AGE'), ('man', 'GENDER'), ('67-year-old', 'AGE'), ('wife', 'GENDER'), ('SUV', 'VEHICLE TYPE'), ('night', 'TIME')]","[('74-year-old', 'AGE'), ('man', 'GENDER'), ('67-year-old', 'AGE'), ('SUV', 'VEHICLE TYPE'), ('night', 'TIME')]",0.8333333333333334,1.0,0.9090909090909091
158,Two assistant sub inspectors (ASIs) of police and a passerby were injured injuries after being hit by a car that overturned near Hilsa bypass on Thursday,"[('Two', 'INJURED'), ('car', 'VEHICLE TYPE')]","[('Two', 'INJURED'), ('car', 'VEHICLE TYPE'), ('overturned', 'REASON')]",0.6666666666666666,0.6666666666666666,0.8
159,"In a shocking incident, a car driver ran over a 35-year-old man and then volunteered to take him to hospital, but when the victim died on the way, he drove around for several hours before dumping the body in a canal","[('car', 'VEHICLE TYPE'), ('35-year-old', 'AGE'), ('man', 'GENDER')]","[('car', 'VEHICLE TYPE'), ('35-year-old', 'AGE'), ('man', 'GENDER')]",1.0,1.0,1.0
160,A 27-year-old car mechanic died and two others were injured after a scooter and a bike collided head-on near Khandsa Chowk on Tuesday night,"[('27-year-old', 'AGE'), ('car', 'VEHICLE TYPE'), ('two', 'INJURED'), ('scooter', 'VEHICLE TYPE'), ('bike', 'VEHICLE TYPE'), ('night', 'TIME')]","[('27-year-old', 'AGE'), ('car mechanic', 'VEHICLE TYPE'), ('two', 'INJURED'), ('scooter', 'VEHICLE TYPE'), ('bike', 'VEHICLE TYPE'), ('collided', 'REASON'), ('night', 'TIME')]",0.625,0.7142857142857143,0.7692307692307692
161,A 25-year-old man died after his speeding car rammed into a stationary truck on Thursday morning in the Surajpur area of Greater Noida ,"[('25-year-old', 'AGE'), ('man', 'GENDER'), ('speeding', 'REASON'), ('car', 'VEHICLE TYPE'), ('truck', 'VEHICLE TYPE'), ('morning', 'TIME')]","[('25-year-old', 'AGE'), ('man', 'GENDER'), ('car', 'VEHICLE TYPE'), ('rammed', 'REASON'), ('morning', 'TIME')]",0.5714285714285714,0.8,0.7272727272727272
162,A couple and their daughter died when a speeding car rammed a two-wheeler they were travelling on near Kondalampatty in Salem city on Tuesday,"[('speeding', 'REASON'), ('car', 'VEHICLE TYPE'), ('two-wheeler', 'VEHICLE TYPE')]","[('speeding', 'REASON'), ('car', 'VEHICLE TYPE'), ('two-wheeler', 'VEHICLE TYPE')]",1.0,1.0,1.0
163,"Eight people were injured — one of them seriously — after the car they were travelling in rammed into a tree on Elgin Road , Bhowanipore early on Friday","[('Eight', 'INJURED'), ('car', 'VEHICLE TYPE'), ('tree', 'REASON')]","[('Eight', 'INJURED'), ('car', 'VEHICLE TYPE'), ('tree', 'REASON')]",1.0,1.0,1.0
164,"Four people were killed in a collision between a car and a truck here on Wednesday, police said","[('Four', 'FATALITIES'), ('car', 'VEHICLE TYPE'), ('truck', 'VEHICLE TYPE')]","[('Four', 'FATALITIES'), ('collision', 'REASON'), ('car', 'VEHICLE TYPE'), ('truck', 'VEHICLE TYPE')]",0.75,0.75,0.8571428571428571
165,"The Tambaram police have launched a search for a man who escaped from the Chromepet government hospital, where he was admitted by the police on Saturday night","[('man', 'GENDER'), ('night', 'TIME')]","[('man', 'GENDER'), ('night', 'TIME')]",1.0,1.0,1.0
166,"A school teacher riding a bike was killed on the spot, and three persons critically injure after the two-wheeler collided with a speeding car in Farasgaon of Kondagaon district on Sunday morning","[('bike', 'VEHICLE TYPE'), ('three', 'INJURED'), ('two-wheeler', 'VEHICLE TYPE'), ('speeding', 'REASON'), ('car', 'VEHICLE TYPE'), ('morning', 'TIME')]","[('bike', 'VEHICLE TYPE'), ('three', 'INJURED'), ('two-wheeler', 'VEHICLE TYPE'), ('collided', 'REASON'), ('car', 'VEHICLE TYPE'), ('morning', 'TIME')]",0.7142857142857143,0.8333333333333334,0.8333333333333334
167,"Three persons, including a one-and-half year old girl, died after their car was hit by a lorry at Pinapaka on Friday afternoon","[('Three', 'FATALITIES'), ('one-and-half year', 'AGE'), ('girl', 'GENDER'), ('car', 'VEHICLE TYPE'), ('lorry', 'VEHICLE TYPE'), ('afternoon', 'TIME')]","[('Three', 'FATALITIES'), ('one-and-half', 'AGE'), ('girl', 'GENDER'), ('car', 'VEHICLE TYPE'), ('lorry', 'VEHICLE TYPE'), ('afternoon', 'TIME')]",0.7142857142857143,0.8333333333333334,0.8333333333333334
168,A 22-year-old youth was killed and two seriously injured when a four-wheeler they were travelling in overturned after being hit by another vehicle at Kanadia Bypass on Sunday morning,"[('22-year-old', 'AGE'), ('two', 'INJURED'), ('four-wheeler', 'VEHICLE TYPE'), ('morning', 'TIME')]","[('22-year-old', 'AGE'), ('two', 'INJURED'), ('four-wheeler', 'VEHICLE TYPE'), ('overturned', 'REASON'), ('morning', 'TIME')]",0.8,0.8,0.888888888888889
169,"A 42-year-old man and a six-year-old child died in a road accident near Vataman Crossroads close to Bhalad village in Ahmedabad, when a truck rammed into their car on Thursday afternoon","[('42-year-old', 'AGE'), ('man', 'GENDER'), ('six-year-old', 'AGE'), ('child', 'GENDER'), ('truck', 'VEHICLE TYPE'), ('car', 'VEHICLE TYPE'), ('afternoon', 'TIME')]","[('42-year-old', 'AGE'), ('man', 'GENDER'), ('six-year-old', 'AGE'), ('truck', 'VEHICLE TYPE'), ('car', 'VEHICLE TYPE'), ('afternoon', 'TIME')]",0.8571428571428571,1.0,0.923076923076923
170,"Ram Kinkar Ram, 35, the son of Trinamool councillor Ram Pyare Ram, was killed after a loaded truck toppled and fell on his car in the Kidderpore port area on Saturday evening","[('35', 'AGE'), ('son', 'GENDER'), ('truck', 'VEHICLE TYPE'), ('car', 'VEHICLE TYPE'), ('evening', 'TIME')]","[('35', 'AGE'), ('truck', 'VEHICLE TYPE'), ('car', 'VEHICLE TYPE'), ('evening', 'TIME')]",0.8,1.0,0.888888888888889
171,A 35-year-old man died while three others sustained injuries on Saturday afternoon after a boulder fell from a hill onto their car around 2 km ahead of Kainchi Dham in Nainital ,"[('35-year-old', 'AGE'), ('three', 'INJURED'), ('afternoon', 'TIME'), ('car', 'VEHICLE TYPE')]","[('35-year-old', 'AGE'), ('man', 'GENDER'), ('three', 'INJURED'), ('afternoon', 'TIME'), ('car', 'VEHICLE TYPE')]",0.8,0.8,0.888888888888889
172,"Two persons, including a woman, died and two others suffered injuries after the car they were travelling in from Bokaro collided with a JCB at Chutupalu valley on NH-33 near Maganpur village under Gola police police station limits on Saturday around 3","[('Two', 'FATALITIES'), ('woman', 'GENDER'), ('two', 'INJURED'), ('car', 'VEHICLE TYPE'), ('JCB', 'VEHICLE TYPE')]","[('Two', 'FATALITIES'), ('woman', 'GENDER'), ('two', 'INJURED'), ('car', 'VEHICLE TYPE')]",0.8,1.0,0.888888888888889
173,"A two-year-old boy, who was run over by a reversing car twice within a span of a few seconds, survived with grievous injuries at Pattanam near Rasipuram in the district on Saturday","[('two-year-old', 'AGE'), ('boy', 'GENDER'), ('car', 'VEHICLE TYPE')]","[('two-year-old', 'AGE'), ('boy', 'GENDER'), ('car', 'VEHICLE TYPE')]",1.0,1.0,1.0
174,"Four persons, including a couple and their two minor daughters, were killed and another person was seriously injured on Sunday when a truck rammed into their car in Madhya Pradesh 's Sagar district , police said","[('Four', 'FATALITIES'), ('truck', 'VEHICLE TYPE'), ('car', 'VEHICLE TYPE')]","[('Four', 'FATALITIES'), ('truck', 'VEHICLE TYPE'), ('rammed', 'REASON'), ('car', 'VEHICLE TYPE')]",0.75,0.75,0.8571428571428571
175,A two-wheeler rider died after a KSRTC bus hit his vehicle at Jakribettu in Bantwal taluk on Wednesday,"[('two-wheeler', 'VEHICLE TYPE'), ('bus', 'VEHICLE TYPE')]","[('two-wheeler', 'VEHICLE TYPE')]",0.5,1.0,0.6666666666666666
176,Three occupants of an Eeco van were killed and eight others were injured after their vehicle collided head on with a DTC bus on a flyover near Loni Gol Chakkar in northeast Delhi on Thursday afternoon,"[('Three', 'FATALITIES'), ('Eeco', 'VEHICLE TYPE'), ('van', 'VEHICLE TYPE'), ('eight', 'INJURED'), ('bus', 'VEHICLE TYPE'), ('afternoon', 'TIME')]","[('Three', 'FATALITIES'), ('van', 'VEHICLE TYPE'), ('eight', 'INJURED'), ('bus', 'VEHICLE TYPE'), ('afternoon', 'TIME')]",0.8333333333333334,1.0,0.9090909090909091
177,"Two days after a 25-year-old woman was killed when her shawl got entangled in the rear wheel of the bike she was riding pillion, the city traffic police on Friday requested women to be cautious while travelling on two-wheelers","[('25-year-old', 'AGE'), ('woman', 'GENDER'), ('shawl', 'VEHICLE TYPE'), ('bike', 'VEHICLE TYPE'), ('women', 'GENDER'), ('two-wheelers', 'VEHICLE TYPE')]","[('25-year-old', 'AGE'), ('woman', 'GENDER'), ('bike', 'VEHICLE TYPE'), ('women', 'GENDER'), ('two-wheelers', 'VEHICLE TYPE')]",0.8333333333333334,1.0,0.9090909090909091
178,Three men lost their lives and one woman sustained injuries in Karauli on Wednesday when their car was hit by an oncoming truck,"[('Three', 'FATALITIES'), ('men', 'GENDER'), ('one', 'INJURED'), ('car', 'VEHICLE TYPE'), ('truck', 'VEHICLE TYPE')]","[('Three', 'FATALITIES'), ('men', 'GENDER'), ('woman', 'GENDER'), ('car', 'VEHICLE TYPE'), ('truck', 'VEHICLE TYPE')]",0.6666666666666666,0.8,0.8000000000000002
179,"A woman and three children were killed when a speeding canter truck rammed into a stationary car on the Delhi-Gurgaon Expressway near Jharsa Chowk, police said on Wednesday","[('woman', 'GENDER'), ('three', 'FATALITIES'), ('children', 'AGE'), ('speeding', 'REASON'), ('canter truck', 'VEHICLE TYPE'), ('car', 'VEHICLE TYPE')]","[('woman', 'GENDER'), ('three', 'FATALITIES'), ('speeding', 'REASON'), ('truck', 'VEHICLE TYPE'), ('car', 'VEHICLE TYPE')]",0.5714285714285714,0.8,0.7272727272727272
180,Three people were killed and three others sustained injuries in a road accident on the outskirts of Kurnool city in Andhra Pradesh on Wednesday morning,"[('Three', 'FATALITIES'), ('three', 'INJURED'), ('morning', 'TIME')]","[('Three', 'FATALITIES'), ('three', 'INJURED'), ('morning', 'TIME')]",1.0,1.0,1.0
181,Five members of a family died on the spot after their car hit a parked container truck on Pune-Bengaluru national highway on Saturday,"[('Five', 'FATALITIES'), ('car', 'VEHICLE TYPE'), ('container truck', 'VEHICLE TYPE')]","[('Five', 'FATALITIES'), ('car', 'VEHICLE TYPE'), ('truck', 'VEHICLE TYPE')]",0.5,0.6666666666666666,0.6666666666666666
182,A 28-year-old pedestrian died at a hospital after he was run over by a small cargo truck near the Sikanderpur Metro station on MG Road just after midnight on Monday,"[('28-year-old', 'AGE'), ('truck', 'VEHICLE TYPE'), ('midnight', 'TIME')]","[('28-year-old', 'AGE'), ('truck', 'VEHICLE TYPE'), ('midnight', 'TIME')]",1.0,1.0,1.0
183,A luxury car caught fire and was almost completely charred after hitting a tree on Golf Course Road in the early hours of Thursday,"[('car', 'VEHICLE TYPE'), ('tree', 'REASON'), ('early', 'TIME')]","[('car', 'VEHICLE TYPE'), ('fire', 'REASON')]",0.25,0.5,0.4
184,A speeding rental car rammed into two policemen attached to the Verna police station on the Upasnagar-Sancoale highway,"[('speeding', 'REASON'), ('car', 'VEHICLE TYPE'), ('policemen', 'GENDER')]","[('car', 'VEHICLE TYPE'), ('rammed', 'REASON')]",0.25,0.5,0.4
185,"Four people were killed and three injured in a head-on collision between a car and a jeep in Rajasthan's Dausa district on Tuesday, police said","[('Four', 'FATALITIES'), ('three', 'INJURED'), ('head-on collision', 'REASON'), ('car', 'VEHICLE TYPE'), ('jeep', 'VEHICLE TYPE')]","[('Four', 'FATALITIES'), ('three', 'INJURED'), ('collision', 'REASON'), ('car', 'VEHICLE TYPE'), ('jeep', 'VEHICLE TYPE')]",0.6666666666666666,0.8,0.8000000000000002
